video_id,title,thumbnail,tag_id
0N03gBsQX_4,[LIVE] PLAY! 뉴스라이프 SBS 모바일24,https://i.ytimg.com/vi/0N03gBsQX_4/hqdefault.jpg,
0R4hrakrk1I,[ ?????? ] 맨몸으로 떠나는 우주여행 ?︎ l 딥스페이스/백색소음 ASMR,https://i.ytimg.com/vi/0R4hrakrk1I/hqdefault.jpg,
1aSmLKpGUeo,?대한민국·인도네시아 정상회담 공동 기자회견…윤석열 정부 첫 아세안 국가 정상회담/7월 28일 (목)/KBS,https://i.ytimg.com/vi/1aSmLKpGUeo/hqdefault.jpg,
1FEBDVXCL_E,Among Us Zombie vs Huggy Wugyy Poppy Playtime - 어몽어스 VS 허기워기 애니메이션 06화 AMONG US ANIMATION EP 06,https://i.ytimg.com/vi/1FEBDVXCL_E/hqdefault.jpg,
1vJLQH1OONQ,[아지트초대] 숨결이 혁명될때~ 한민호 문체부 국장,https://i.ytimg.com/vi/1vJLQH1OONQ/hqdefault.jpg,
3_lk8D4-k_w,'한동훈 법무장관 출석' 국회 법제사법위원회 전체회의 - [끝까지 LIVE] MBC 중계방송 2022년 07월 28일,https://i.ytimg.com/vi/3_lk8D4-k_w/hqdefault.jpg,
384XXtZ3awc,(선공개)우정의 조건,https://i.ytimg.com/vi/384XXtZ3awc/hqdefault.jpg,
4IZhfXOo6Qs,수강 신청 급이라는 농활 경쟁률; 청춘+마늘 냄새 폴폴 풍기는 농활 따라가봄 / 스브스뉴스,https://i.ytimg.com/vi/4IZhfXOo6Qs/hqdefault.jpg,
58RZURqMts0,(선공개)반에서 일진이었던 애들 인생 l EP. END,https://i.ytimg.com/vi/58RZURqMts0/hqdefault.jpg,
5pp3fM2xWbs,Scary Teacher 3D - Delicious Poppy Playtime Characters | Experiment 1006 Bunzo Bunny Monty PJ Pug,https://i.ytimg.com/vi/5pp3fM2xWbs/hqdefault.jpg,
5x5It0ck-pw,신형 이지스함 '정조대왕함' 오늘 진수…탄도미사일 요격 기능 탑재 / KBS  2022.07.28.,https://i.ytimg.com/vi/5x5It0ck-pw/hqdefault.jpg,
6BQP5fiLJoI,어몽어스 vs 대디롱레그 과연 승자는 누가? 그래니 영희 소닉까지 다함께 오징어게임에 참여하게 되었다 애니메이션 [꿈토이 꿀잼 리액션],https://i.ytimg.com/vi/6BQP5fiLJoI/hqdefault.jpg,
77CYzTN-iwc,Bà và Cháu - Bài Học Cuộc Sống - Phim hoạt hình - Fruits Cartoon,https://i.ytimg.com/vi/77CYzTN-iwc/hqdefault.jpg,
7b1rdDoafXg,강신업 김건희 여사 팬클럽 ‘건희사랑’ 회장직 사퇴 | 뉴스A 라이브,https://i.ytimg.com/vi/7b1rdDoafXg/hqdefault.jpg,
7QclVpojlP0,어몽어스 VS 아만다 25화 AMONG US ANIMATION 25,https://i.ytimg.com/vi/7QclVpojlP0/hqdefault.jpg,
815wuLA_cZQ,승우아빠의 《키친 마이야르》 방문 후기,https://i.ytimg.com/vi/815wuLA_cZQ/hqdefault.jpg,
84qHBmeylqA,ㄹㅇㅋㅋ,https://i.ytimg.com/vi/84qHBmeylqA/hqdefault.jpg,
8eCBV8WNi04,[LIVE] 미 연준 두 달 연속 자이언트 스텝... 시장 반응과 전망은? 투자자 분노 부른 증권사 불법 공매도 / SBS / @SBS 경제자유살롱 뭘스트리트​,https://i.ytimg.com/vi/8eCBV8WNi04/hqdefault.jpg,
95Inm_Us3Gs,호캉스? 다채로운 호텔 바캉스와 기분 좋은 연주곡✈,https://i.ytimg.com/vi/95Inm_Us3Gs/hqdefault.jpg,
A-Eu_o0djNI,KBO 1위팀 vs 3위팀 (7월 26일 경기),https://i.ytimg.com/vi/A-Eu_o0djNI/hqdefault.jpg,
A1R2IolpHiw,이상민 경찰대 공정·불공정 문제…쿠데타 발언엔 비판 수용 / JTBC 뉴스룸,https://i.ytimg.com/vi/A1R2IolpHiw/hqdefault.jpg,
B6kv1UO3mx0,DRAW FNF VS Mario.EXE HORROR MOD  luigi i hate you mario land mario racist wario,https://i.ytimg.com/vi/B6kv1UO3mx0/hqdefault.jpg,
b7a2mOcfnkM,안녕하세요 곱슬머리 어떻게 관리하는지 알려드리려구요,https://i.ytimg.com/vi/b7a2mOcfnkM/hqdefault.jpg,
bSzUqn47DHc,(Eng Sub) 실제 오디션현장 3탄! 끝나고 심사평까지? 오디션을 준비하는 방법 '모의오디션 편' How to Audition? How to become Kpop Idol?,https://i.ytimg.com/vi/bSzUqn47DHc/hqdefault.jpg,
BV3QpUfkhUA,?[딩딩LIVE] 사상 초유의 2연속 자이언트 스텝 떨고 있는 주식•부동산 - 딩딩대학 0교시라이브 2022년 7월 28일,https://i.ytimg.com/vi/BV3QpUfkhUA/hqdefault.jpg,
cD9xVLeXNXU,사이다 일진 참교육 1시간 몰아보기 (레전드 모음 ZIP)| [루대숲] - 특별편,https://i.ytimg.com/vi/cD9xVLeXNXU/hqdefault.jpg,
cIyuwWKRSCk,ENG SUB)kbl 역대급 재능 센터 농구장의 유령 !! 충격적인덩크 블락 파티 !! 과연 누구?,https://i.ytimg.com/vi/cIyuwWKRSCk/hqdefault.jpg,
CWX7XpUfw-A,＜양파이야기＞ 무편집본,https://i.ytimg.com/vi/CWX7XpUfw-A/hqdefault.jpg,
cxvvCCceV5M,[#이브] 아내와 함께하는 순간에도 다른 여자를 생각하는 박병은...? 들끓는 욕망을 주체하지 못하고 결국... | #샾잉,https://i.ytimg.com/vi/cxvvCCceV5M/hqdefault.jpg,
D3eXRuGYxhE,130억 일모 팀 가즈아~,https://i.ytimg.com/vi/D3eXRuGYxhE/hqdefault.jpg,
D5rl6vfoZOU,너무 더워서 마미롱레그 가족이 여름휴가를 갔어요!! 대디롱레그와 베이비 롱레그의 상상초월 애니메이션 [꿈토이 꿀잼 리액션],https://i.ytimg.com/vi/D5rl6vfoZOU/hqdefault.jpg,
d7ASN_d81aI,늦은 밤 계속 오분가가 쫓아옵니다..,https://i.ytimg.com/vi/d7ASN_d81aI/hqdefault.jpg,
dN2sexSSDlk,SUB) 꼽주는 여우 칼차단하고 나만 챙기는 이유가 뭐야?(사연 09 남사친 설렘) | [럽대숲] - 1번째 사연,https://i.ytimg.com/vi/dN2sexSSDlk/hqdefault.jpg,
DpUcUbIUOWg,국가대표를 꿈꾸는 조원희 아들의 진심... 원희형도 충격받은 듯 ㅠㅠㅠ,https://i.ytimg.com/vi/DpUcUbIUOWg/hqdefault.jpg,
dupYnSm3P6I,물건 하나만 들고 캠핑을 가야한다면?! 무엇을 들고 갈까요?! 생존이냐 즐거움이냐 with 갤럭시 북2 프로 360 - 허팝,https://i.ytimg.com/vi/dupYnSm3P6I/hqdefault.jpg,
dv_1SuMAj8Y,Among Us vs Sonic POLICE STOPS - 우리 가운데 애니메이션 1화 - Among Us Animation EP 1,https://i.ytimg.com/vi/dv_1SuMAj8Y/hqdefault.jpg,
DzApmxotWvE,[엉덩이 탐정 2화] 당근을 훔쳐간 도둑을 잡아라! 닌텐도 엉덩이 탐정 뿡뿡 [아려랑],https://i.ytimg.com/vi/DzApmxotWvE/hqdefault.jpg,
E-1BDRRSPQE,늦은 밤 창문 밖의 남자 여자친구가 집으로 들어왔습니다..,https://i.ytimg.com/vi/E-1BDRRSPQE/hqdefault.jpg,
e5NQxnsC-8I,[회전초밥편] 고통받는 냄비의 삶?먹방브이로그(장작구이공룡알빵유부초밥김치어묵탕삼겹배추찜엽기국물닭발평양냉면토마토카레) KOREAN FOOD MUKBANG VLOG,https://i.ytimg.com/vi/e5NQxnsC-8I/hqdefault.jpg,
E8r1ONz8E5I,트라우마 극복한다고 총기 사고난 학교들 철거 들어간 미국 상황 / 스브스뉴스,https://i.ytimg.com/vi/E8r1ONz8E5I/hqdefault.jpg,
eeCrmI2u9tc,어몽어스 VS Bridge Worm 24화 AMONG US ANIMATION 24,https://i.ytimg.com/vi/eeCrmI2u9tc/hqdefault.jpg,
els6S5jq2ck,라고 할 뻔,https://i.ytimg.com/vi/els6S5jq2ck/hqdefault.jpg,
esmxXvNFGaU,(안내메시지) 배그 생방송~ 오늘은 과연 치킨을 먹을 수 있을까~??,https://i.ytimg.com/vi/esmxXvNFGaU/hqdefault.jpg,
f7JWRHvnaes,(여행영상) 800km 스페인  순례자의 길  역대급 4분컷 (Spanish pilgrims travel),https://i.ytimg.com/vi/f7JWRHvnaes/hqdefault.jpg,
FFRkQ_3Ruq0,DRAW Friday Night Funkin' VS Original Bunzo Bunny Huggy Wuggy Poppy Mommy Long Legs,https://i.ytimg.com/vi/FFRkQ_3Ruq0/hqdefault.jpg,
fLQ_FtmufYQ,진격의 드라이버 야코,https://i.ytimg.com/vi/fLQ_FtmufYQ/hqdefault.jpg,
fvoP8Rd4lnc,[LIVE/JTBC 뉴스] 7월 28일 (목) 사건반장 - 김밥 40줄 시켜놓고 '노쇼'…상습범이었다,https://i.ytimg.com/vi/fvoP8Rd4lnc/hqdefault.jpg,
g-b2WvLHytA,'경찰대 순혈주의' 해묵은 논란 왜 이 시점에?…'갈라치기' 시각도 / JTBC 뉴스룸,https://i.ytimg.com/vi/g-b2WvLHytA/hqdefault.jpg,
GCliBBw11fg,?[LIVE] 7/28(목) 마이진 \u0026 이소나 출연! 신나는 오후~ 양성화 입니다^^ TV+라디오+유튜브 동시 생방송!!,https://i.ytimg.com/vi/GCliBBw11fg/hqdefault.jpg,
gDAsXatU0Q8,한국식당에서 흔한 한국인 모습을 보고 충격받은 미국남편..,https://i.ytimg.com/vi/gDAsXatU0Q8/hqdefault.jpg,
GED4lFtKLfA,한국인들의 자동차 문화를 이해할 수 없는 유럽 여자,https://i.ytimg.com/vi/GED4lFtKLfA/hqdefault.jpg,
GEekqzfrDJM,소름돋는 왕고름 짜기,https://i.ytimg.com/vi/GEekqzfrDJM/hqdefault.jpg,
ghF2xIqnxTI,'살인 폭염'에 신음하는 유럽 내년엔 한국 차례가 될 수도 있다? / 비디오머그,https://i.ytimg.com/vi/ghF2xIqnxTI/hqdefault.jpg,
gS5_v0IHMAo,尹 대통령 부부 정조대왕함 진수식 참석…김건희 여사 진수줄 ‘커팅’ | 뉴스A 라이브,https://i.ytimg.com/vi/gS5_v0IHMAo/hqdefault.jpg,
gsB5wUs4LHE,'행복 바이러스' 임영웅 매력 키워드 '뜨겁게 달구는' VIP시사회 황태자급 화제! 정규앨범 콘서트 뉴스장터,https://i.ytimg.com/vi/gsB5wUs4LHE/hqdefault.jpg,
GtUzrQ3Jax4,집 잃고 배회하다 로드킬까지;;; 호주에서 코알라를 구하는 특별한 방법 / 스브스뉴스,https://i.ytimg.com/vi/GtUzrQ3Jax4/hqdefault.jpg,
h_wXNd7yxOo,[동거커플] 친구였던 우리가 사귀자마자 한 일,https://i.ytimg.com/vi/h_wXNd7yxOo/hqdefault.jpg,
hb5oOzqK7UU,SUB)[몰카/동거커플]남자친구 대놓고 무시하고 반응보기ㅋㅋㅋ극대노 남친(뽀뽀주의??) / Ignore my boyfriend and see how he reacts.,https://i.ytimg.com/vi/hb5oOzqK7UU/hqdefault.jpg,
hBGvGj3bv3A,고양이간식 먹방,https://i.ytimg.com/vi/hBGvGj3bv3A/hqdefault.jpg,
hCcMKguVadA,SUB 사이다) 혼자 견제하고 기싸움하는 남친 소꿉친구 나락보내고 참교육한 썰 | [루대숲] - 67번째 사연,https://i.ytimg.com/vi/hCcMKguVadA/hqdefault.jpg,
hHgRgdToXfs,열이올라요 Challenge❤‍?⬆ with STAYC ?,https://i.ytimg.com/vi/hHgRgdToXfs/hqdefault.jpg,
hhGUMbPS3JM,카메라에 포착된 가장 부끄럽고 재밌는 순간들,https://i.ytimg.com/vi/hhGUMbPS3JM/hqdefault.jpg,
hjA-2kehZo0,담은 만큼 가져갈 수 있는 용돈 이벤트ㅣ시아버지 반응은??ㅋㅋ,https://i.ytimg.com/vi/hjA-2kehZo0/hqdefault.jpg,
hlnkS00T7bc,♥센트디 특별가 공동구매! 오전 9시 오픈! 거의 반값이에용!ㅣ센트디엑스 이벤트까지ㅣ 7.28~8.2 이 기회에 쟁여두기 각,https://i.ytimg.com/vi/hlnkS00T7bc/hqdefault.jpg,
hUNB5LvPwtE,버츄얼 캐릭터를 만들었어요!! [VR 챗],https://i.ytimg.com/vi/hUNB5LvPwtE/hqdefault.jpg,
hV2zfQVMCjc,가요무대' 같은 6시간 동안 녹화했지만 영탁 방송시간은 김희재 방송시간의 3배! 김동건 “시청자들은 영탁만 보고 싶을 뿐.. 김희재는 찬밥” 스튜디오서 소란 피운 김희재!,https://i.ytimg.com/vi/hV2zfQVMCjc/hqdefault.jpg,
hz9uGMxyhuI,마침내 20년 된 오래된 집이 취향 좋은 주인을 만났을 때? 서울 종로구 도심 한복판 보물같은 집을 알아본 부부의 집과 비밀 정원 (ft.홈가드닝)ㅣ건축탐구집,https://i.ytimg.com/vi/hz9uGMxyhuI/hqdefault.jpg,
i1ddYRSAwW0,‘우영우’ 인기에 ‘고래’도 덩달아 화제… ‘고래템’은 모두 품절 행렬 / 14F,https://i.ytimg.com/vi/i1ddYRSAwW0/hqdefault.jpg,
ImSXz4v4Ms4,[티저] 은밀하게 펼쳐지는 어른들의 찐한 연애! 이끌리는 대로 마음껏 직진하라! #연애는직진 #directlove｜SBSNOW,https://i.ytimg.com/vi/ImSXz4v4Ms4/hqdefault.jpg,
iXBXoK-zFOA,화염에 휩싸인 보리밭에 갑자기 트랙터가 나타났다!,https://i.ytimg.com/vi/iXBXoK-zFOA/hqdefault.jpg,
JeeoOpCCJbk,Bài Học Vô Giá - Phim Hoạt hình - Kỹ năng sống - Tomato Couple Cartoon,https://i.ytimg.com/vi/JeeoOpCCJbk/hqdefault.jpg,
JJgPiWmJ3lc,미국 기준금리 0.75%p 인상...한미 금리 역전 여파는? [LIVE]MBC 뉴스프리데스크 2022년 07월 28일,https://i.ytimg.com/vi/JJgPiWmJ3lc/hqdefault.jpg,
k9Sca7C8bVY,여권 문자 메시지 후폭풍‥혹세무민 직격 (2022.07.28/12MBC뉴스),https://i.ytimg.com/vi/k9Sca7C8bVY/hqdefault.jpg,
KAYOx7QaFoM,악마와 영혼을 거래한 자들의 최후: 컵헤드(DLC 포함) 스토리 정리,https://i.ytimg.com/vi/KAYOx7QaFoM/hqdefault.jpg,
ko-ux8xtrP0,출발 드림팀(?)을 올림픽에서?…근대5종 승마 대체 종목의 정체 / 스포츠머그,https://i.ytimg.com/vi/ko-ux8xtrP0/hqdefault.jpg,
krdm6RZqtsg,엄청 짧은 사격장 비하인드,https://i.ytimg.com/vi/krdm6RZqtsg/hqdefault.jpg,
lpgN-wWAZXs,어몽어스 VS 좀비 몰아보기 view all zombies,https://i.ytimg.com/vi/lpgN-wWAZXs/hqdefault.jpg,
mbbLRDgphQ4,Vì Sao Cà chua đi học muộn? - Bài Học Cuộc Sống - Tomato Couple Cartoon,https://i.ytimg.com/vi/mbbLRDgphQ4/hqdefault.jpg,
o7XI0NF0u3I,'14만 회의' 취소됐지만…일부 경찰은 인원 적더라도 추진 / JTBC 뉴스룸,https://i.ytimg.com/vi/o7XI0NF0u3I/hqdefault.jpg,
oCbNtShdVxM,김정은 “위험 시도 시 尹 정권 전멸”…직접 비난은 처음 | 뉴스A 라이브,https://i.ytimg.com/vi/oCbNtShdVxM/hqdefault.jpg,
oE5Jk9UqnnU,No...Nick Please Come Back To Me |Nick Love Tani - Very Sad Story | SScary Teacher 3D Animation,https://i.ytimg.com/vi/oE5Jk9UqnnU/hqdefault.jpg,
oplnC5TJSyU,Cà chua dũng cảm - Bài Học Cuộc Sống - Tomato Couple Cartoon,https://i.ytimg.com/vi/oplnC5TJSyU/hqdefault.jpg,
oS1cAfVde4Y,Mommy log leg death poppy playtime + Peashooter + Hulk | Plants vs Zombies Fusion Animation Funny 05,https://i.ytimg.com/vi/oS1cAfVde4Y/hqdefault.jpg,
pkdMBj4OS2k,How To Draw  Huggy Wuggy | Poppy PlaytimeㅣMommy Long Legs \u0026  Huggy Wuggy \u0026 Killy Willy,https://i.ytimg.com/vi/pkdMBj4OS2k/hqdefault.jpg,
PXFhgFXeu2c,마미 롱 레그가 이상한 백룸으로 날 보내버렸어요 스폰지밥과 슈렉 그리고 괴상한 유령 친구들이 가득한 이곳을 틀 탈출할 수 있을까요? [로블록스][아려랑],https://i.ytimg.com/vi/PXFhgFXeu2c/hqdefault.jpg,
PYzc-EjIx80,어몽어스 VS Poppy Playtime 몰아보기,https://i.ytimg.com/vi/PYzc-EjIx80/hqdefault.jpg,
pYzKi8Q3-iI,[환승연애2] 뱀뱀의 묵직한 한마디ㅋㅋㅋ,https://i.ytimg.com/vi/pYzKi8Q3-iI/hqdefault.jpg,
q9grz_VRuIg,[?LIVE] MBC 뉴스 모바일 24시 라이브 | Beta~,https://i.ytimg.com/vi/q9grz_VRuIg/hqdefault.jpg,
qdBX9rLkP0w,무표정으로 일관하던 유럽 관객들을 일순간에 숨이 멎게 만든 한국인,https://i.ytimg.com/vi/qdBX9rLkP0w/hqdefault.jpg,
QdkIYlJwAuM,✅ 한 기자가 밝힌 호날두의 충격 사실에 손흥민이 유럽에서 크게 환호받는 상황 #하이라이트 #손흥민 #해리케인 #토트넘 #경기일정 #골장면 #토트넘 #팀k리그 #김연아 #고우림,https://i.ytimg.com/vi/QdkIYlJwAuM/hqdefault.jpg,
qmFf9sNHW1g,안내메시지 배그 생방송~ 오늘은 과연 치킨?을 먹을 수 있을까~??,https://i.ytimg.com/vi/qmFf9sNHW1g/hqdefault.jpg,
QOf7mdWqFXM,[엉덩이 탐정 3화] 먹방을 좋아하는 범인이 탈옥했다 코로 방귀가 들어가면 입으로 나올까? 사진 속 미스터리를 풀고 탈옥범을 잡아라 [아려랑],https://i.ytimg.com/vi/QOf7mdWqFXM/hqdefault.jpg,
Qs_oMzQX7Rg,RICH VS POOR R.I.P - Rich Nick \u0026 Poor Squid Doll!!! Please Combe Back!! -SCARY TEACHER 3D Animation,https://i.ytimg.com/vi/Qs_oMzQX7Rg/hqdefault.jpg,
qxwFS26ulFs,(핫) 임영웅 엄마의 전화를 받고 함께 포천으로 향한 TOP6! “우리 모두 수고했다” 임영웅 외할머니의 깜짝 놀라운 선물! 멤버들은 모두 눈물을 흘렸다...,https://i.ytimg.com/vi/qxwFS26ulFs/hqdefault.jpg,
QYqE3lno0Jw,뉴스A / 김정은 “윤석열 정권 전멸” · “첫 경찰국장 경찰대 배제”…‘경란’ 일단락,https://i.ytimg.com/vi/QYqE3lno0Jw/hqdefault.jpg,
r-QLZWYQ6gs,[LIVE] 7/27(수) 신나는 오후 양성화^^ [노래퀴즈/전화노래자랑] 마아성 출연,https://i.ytimg.com/vi/r-QLZWYQ6gs/hqdefault.jpg,
RKi7XbYDvok,안내메시지 게임 생방송 2부 ( 게임 제목 : 잇츠 테이크 투 ),https://i.ytimg.com/vi/RKi7XbYDvok/hqdefault.jpg,
RLuwRFB0hao,Woman Tourette syndrome,https://i.ytimg.com/vi/RLuwRFB0hao/hqdefault.jpg,
s-aN2r0lHRo,Who Would You Want For The Yankees?? Here's Three More Arm's To Consider,https://i.ytimg.com/vi/s-aN2r0lHRo/hqdefault.jpg,
s8zEqq5atVE,Poor Pj Pug a Pillar - Nick Save  Blind Tanni Life - Scary Teacher 3D x Popy Playtime animation,https://i.ytimg.com/vi/s8zEqq5atVE/hqdefault.jpg,
sc8KTF4FCFw,RUN AWAY FROM MOMMY LONG LEGS xPJ PUG xBUNZO BUNNY... | POPPY PLAYTIME Chapter 2 x Scary Teacher 3D,https://i.ytimg.com/vi/sc8KTF4FCFw/hqdefault.jpg,
sfoUOtIAMso,폴란드 하늘에 태극문양…블랙이글스 국산 군용기 첫 유럽 진출 축하 '공중곡예’ - [핫이슈 PLAY] MBC 뉴스 2022년 07월 26일,https://i.ytimg.com/vi/sfoUOtIAMso/hqdefault.jpg,
sn0e6vaZlMc,칼라액체풀로 슬라임 만들다가 갑자기 아프다는 다린?! - [나다린TV],https://i.ytimg.com/vi/sn0e6vaZlMc/hqdefault.jpg,
T6gy7Jeatus,장마철이 오기 전에,https://i.ytimg.com/vi/T6gy7Jeatus/hqdefault.jpg,
t7PZ22RFvs0,눈부신 꿈처럼 달콤한 휴식을 위한 뉴에이지,https://i.ytimg.com/vi/t7PZ22RFvs0/hqdefault.jpg,
taPTZsW9HX4,? 100만명 구독자 기념 어몽어스 애니메이션?,https://i.ytimg.com/vi/taPTZsW9HX4/hqdefault.jpg,
tm1TIrzx384,Khi trí thông minh đặt đúng chỗ - Phim Hoạt hình - Kỹ năng sống - Tomato Couple,https://i.ytimg.com/vi/tm1TIrzx384/hqdefault.jpg,
toFxga0PbGA,?LIVE -  '한동훈 법무부 장관 출석' 법무부·법제처 업무보고…국회 법제사법위원회 전체회의(오후)/7월 28일 (목)/KBS,https://i.ytimg.com/vi/toFxga0PbGA/hqdefault.jpg,
toohPRW_Cu4,[LIVE] 한동훈 법무부장관 출석..국회 법사위 전체회의 / SBS,https://i.ytimg.com/vi/toohPRW_Cu4/hqdefault.jpg,
towq3Vz56kI,[환승연애2] 눈 깜짝할 사이 빈며들어버림..,https://i.ytimg.com/vi/towq3Vz56kI/hqdefault.jpg,
TStZY6fnfqo,스찬2 100개로 얼토츠진화갑니다 ㄸㄸ,https://i.ytimg.com/vi/TStZY6fnfqo/hqdefault.jpg,
tsWRMZn8Ot0,빗물 들어오는 구멍을 발견했습니다! 오늘 비 온다는데 누수 벽 구멍 막기 대작전!,https://i.ytimg.com/vi/tsWRMZn8Ot0/hqdefault.jpg,
tyksSBlK6XE,얼토츠 패키지로 맞추는 일모 팀...,https://i.ytimg.com/vi/tyksSBlK6XE/hqdefault.jpg,
u-W4tab_55Q,카메라에 포착된 가장 재미있는 동물의 순간!,https://i.ytimg.com/vi/u-W4tab_55Q/hqdefault.jpg,
u9HA8DoVwmY,마춤뻡,https://i.ytimg.com/vi/u9HA8DoVwmY/hqdefault.jpg,
UaJEWw-mkJA,주먹 하나로 전국구 보스들을 누리고 정점에 오른 10대 소년의 이야기를 다룬 레전드 드라마,https://i.ytimg.com/vi/UaJEWw-mkJA/hqdefault.jpg,
uB-oQMPaHhA,[SUPER ULTRA 8K] 트렌드지 'WHO [吼]' 풀캠 (TRENDZ FullCam) @SBS Inkigayo 220703,https://i.ytimg.com/vi/uB-oQMPaHhA/hqdefault.jpg,
urkmxkVYUuI,걍 구독해 '벤츠 CLS 줄게!!' 통크게 쏜다 80만 자동차 경품 멀티 엠비언트라이트 완성!,https://i.ytimg.com/vi/urkmxkVYUuI/hqdefault.jpg,
uWP8NfVIDKE,모두가 만든 해피엔딩? 우리가 기부한 모자 이렇게 쓰였습니다! / 스브스뉴스,https://i.ytimg.com/vi/uWP8NfVIDKE/hqdefault.jpg,
UXwgUK6O6bw,Huggy Wuggy + Mommy log legs + Roblox + Peashooter ? Plant vs Zombie Fusion Animation #01,https://i.ytimg.com/vi/UXwgUK6O6bw/hqdefault.jpg,
V0geASV9s2U,SSSSS급 빽을 가진 폐급 신병이 부조리 쩌는 자대에 도착하자 벌어진 일..! 장삐쭈 [신병] 싱크로율 99999%만찢남들 등장!  +올레tv +seezn,https://i.ytimg.com/vi/V0geASV9s2U/hqdefault.jpg,
V6yYigYF4n4,손흥민 X 톰 홀란드의 마블 슈퍼히어로 퀴즈게임!!,https://i.ytimg.com/vi/V6yYigYF4n4/hqdefault.jpg,
vBMkXw8XTk8,“우리 물 깨끗해” 퍼포먼스의 최후 인도 정치인 깨끗하다고 하천 똥물 마시고 감염으로 병원행,https://i.ytimg.com/vi/vBMkXw8XTk8/hqdefault.jpg,
vcmtrU2Wwsg,'4억' 짜리 람보르기니 문짝 뜯은 '곰',https://i.ytimg.com/vi/vcmtrU2Wwsg/hqdefault.jpg,
Vdd9XrseO-o,역대급 폭우 그 추모식을 막는다고? 대체 얼마나 퍼부었길래...,https://i.ytimg.com/vi/Vdd9XrseO-o/hqdefault.jpg,
vDk-hizqABs,버섯탐정 모아보기 36~40 [버섯도리] 방귀 색깔별 유형 !! 물건이 말을 한다! 핸드폰 속에 갇혔다 !! 기억상실증 !! 화장실 탈출하기,https://i.ytimg.com/vi/vDk-hizqABs/hqdefault.jpg,
VIulwWzvizk,미국 최고의 의사에 11차례 선정된 세계적인 암치료 권위자!!  '김의신 박사'가 전합니다!!? | 전주MBC 창사 40주년 특별초청강연 | 암,https://i.ytimg.com/vi/VIulwWzvizk/hqdefault.jpg,
VO5PpdNYpPE,중력의 원리,https://i.ytimg.com/vi/VO5PpdNYpPE/hqdefault.jpg,
vuDAXoq5yAs,Baldi's basics + Peashooter | Plants vs Zombies Fusion Animation Funny #06,https://i.ytimg.com/vi/vuDAXoq5yAs/hqdefault.jpg,
W-5SLgW_CtE,폭염에 벌 쏘임 사고 급증…특히 ‘말벌’ 조심 / KBS  2022.07.28.,https://i.ytimg.com/vi/W-5SLgW_CtE/hqdefault.jpg,
w-7yMuEElvM,동토의 땅  북극 이뉴잇의 겨울사냥 [세상실험] KBS 2010.01.10 방송,https://i.ytimg.com/vi/w-7yMuEElvM/hqdefault.jpg,
wEUYg_k05Vo,혼자면 서러워서 병원은 가겠나…네 방법이 있습니다 / 비디오머그,https://i.ytimg.com/vi/wEUYg_k05Vo/hqdefault.jpg,
wiBhHESHyRw,[#환승연애2/1화] 8인 8색 출연자들의 등장에 X 추리는 더욱 힘들어져만 가고..,https://i.ytimg.com/vi/wiBhHESHyRw/hqdefault.jpg,
WJxCmrWAkZg,대천 수중전[4K],https://i.ytimg.com/vi/WJxCmrWAkZg/hqdefault.jpg,
WoMbFNgh-9I,손흥민과 톰 홀란드의 Q\u0026A 시간!! | 스파이더맨과 쏘니 ??,https://i.ytimg.com/vi/WoMbFNgh-9I/hqdefault.jpg,
Wt2R57CL8eI,마지막이 될 수도 있습니다,https://i.ytimg.com/vi/Wt2R57CL8eI/hqdefault.jpg,
wZGey1RRNn8,차승원 이혼 차승원 부인 이수진 결혼이야기 아들때문에 22년간 거짓말한 이유,https://i.ytimg.com/vi/wZGey1RRNn8/hqdefault.jpg,
wzH3BXnyv7s,중국인 잼민이 참교육,https://i.ytimg.com/vi/wzH3BXnyv7s/hqdefault.jpg,
wzkTk1Ozn5s,[인류 최후 프론티어 우주] 1부. 누리호 다시 우주로 / YTN 사이언스,https://i.ytimg.com/vi/wzkTk1Ozn5s/hqdefault.jpg,
Xa9achbYUI0,'비슷하면서도 달라요(?)' 김세정X남윤수 밸런스 게임_'오늘의 웹툰' 7월 29일[금] 첫 방송 #오늘의웹툰 #TodaysWebtoon｜SBSNOW,https://i.ytimg.com/vi/Xa9achbYUI0/hqdefault.jpg,
xIcQPyEbrvg,한적한 카페? 시원한 콜드브루가 생각나는 부드러운 피아노,https://i.ytimg.com/vi/xIcQPyEbrvg/hqdefault.jpg,
XMB6pdpWDZg,[한국인의 밥상] 쌀이 맛있으면 떡도 맛있다! 떡 6형제의 강화 사랑 “역사와 자연의 섬 보물 밥상을 만나다!” (KBS 20220721 방송),https://i.ytimg.com/vi/XMB6pdpWDZg/hqdefault.jpg,
xpGfUC1UtBc,24/7 오후의 커피 타임 나의 여유로운 시간☕,https://i.ytimg.com/vi/xpGfUC1UtBc/hqdefault.jpg,
xzAaLGJYzBE,?[LIVE] 한동훈 법무장관 출석...국회 법사위 전체회의 / 디지털Only,https://i.ytimg.com/vi/xzAaLGJYzBE/hqdefault.jpg,
YEpaOfyB0KI,Drawing HEALTH ICONS l FRIDAY NIGHT FUNKIN,https://i.ytimg.com/vi/YEpaOfyB0KI/hqdefault.jpg,
yna4DGUHpsw,선거 후폭풍... (이제는 말할 수 있다),https://i.ytimg.com/vi/yna4DGUHpsw/hqdefault.jpg,
YZfMUHMvShQ,[LIVE] 한동훈 법무부장관 출석..국회 법사위 전체회의 / SBS,https://i.ytimg.com/vi/YZfMUHMvShQ/hqdefault.jpg,
Z62-LnHe9mE,경찰국이 뭐기에…왜 강행하고 왜 반대하나? / 비머Q\u0026A / 비디오머그,https://i.ytimg.com/vi/Z62-LnHe9mE/hqdefault.jpg,
z7ZkdXQUNzo,(핫) 이찬원은 병상에 누워 있던 송해 선배의 손을 잡고 내가 대신해줄게...라고 말했다. 이찬원이 '전국노래자랑' 송별회에서 발언했다? 눈물이 멈추지 않아... 무슨 일이야?,https://i.ytimg.com/vi/z7ZkdXQUNzo/hqdefault.jpg,
zhaH1ug4Lag,【타키포오】 타키포오 네번째 모음집 -캐릭온 애니,https://i.ytimg.com/vi/zhaH1ug4Lag/hqdefault.jpg,
ZM2lGDNwmjE,인기 베이커리의 숨겨진 비밀..,https://i.ytimg.com/vi/ZM2lGDNwmjE/hqdefault.jpg,
zrIU7RK8gqc,일을 완벽하게 처리하는 일꾼들의 가장 만족스러운 영상들5,https://i.ytimg.com/vi/zrIU7RK8gqc/hqdefault.jpg,
zs7CPygDZ00,하루 종일 듣고 싶은 좋은노래 좋은음악 TOP 50곡 - 가을에 듣기 좋은 노래 베스트 50곡 - 일할때 듣기좋은 좋은 노래 광고없음,https://i.ytimg.com/vi/zs7CPygDZ00/hqdefault.jpg,
