,video_id,title,thumbnail,tag_id
0,R_DSuHg17Zw,이게 말이 되나? 종최를 가지고 논다  [종최 개막전] 이제동 김택용 이재호 김성대 변현제 조기석 이영한 장윤철 황병영 [KCM 종족최강전 2022 시즌2],https://i.ytimg.com/vi/R_DSuHg17Zw/hqdefault.jpg,1
1,S3r6i9u62wA,포스트시즌 에결 전혀 예상못한 선수의 등장(Zero vs Turn),https://i.ytimg.com/vi/S3r6i9u62wA/hqdefault.jpg,1
2,-w_97yo29n4,시청자:'명경기 중의 명경기다' [종최 3주차]김택용 김민철 유영진 조일장 도재욱 조기석 박상현 장윤철 정영재 [KCM종족최강전 2022 시즌1],https://i.ytimg.com/vi/-w_97yo29n4/hqdefault.jpg,1
3,0mixbqGs-9A,진심으로 스타하면 어느 정도일까? 백년만의 플레이 영상,https://i.ytimg.com/vi/0mixbqGs-9A/hqdefault.jpg,1
4,0pAxw8aG3qM,스타 명경기) 이건 버그가 아니라 진짜 스킬임 ㅇㅇ,https://i.ytimg.com/vi/0pAxw8aG3qM/hqdefault.jpg,1
5,1d7bvhVEawk,[더드튜브] 자기가죽어놓고선 누명씌우는팀원ㅋㅋㅋ 스타팀플 헌터,https://i.ytimg.com/vi/1d7bvhVEawk/hqdefault.jpg,1
6,t6lcedSVIyw,실시간 20연승중인 공방 고수 등댱!! 안기효 연승 제물각??;;,https://i.ytimg.com/vi/t6lcedSVIyw/hqdefault.jpg,1
7,TPmXWYIX6H0,이래야 결승 답지!!!![종족최강전 결승]김택용 김명운 도재욱 김민철 김윤중 조일장 장윤철 임홍규[수내닭꼬치 KCM종족최강전 2021.시즌1],https://i.ytimg.com/vi/TPmXWYIX6H0/hqdefault.jpg,1
8,2Jr7KhMRomw,2022.7.27(수) 오후 방송 풀영상,https://i.ytimg.com/vi/2Jr7KhMRomw/hqdefault.jpg,1
9,U-oJsqK7tRE,이긴 줄 알고 농락하다 역전 당했을 때 타골좌 반응은?ㅋㅋ,https://i.ytimg.com/vi/U-oJsqK7tRE/hqdefault.jpg,1
10,UerrRr-aVaU,슈퍼올인BBS를 준비했는데 하필 시원하게 배를 째고있던 저그 ㅋㅋㅋㅋㅋㅋ( Hero vs Rush),https://i.ytimg.com/vi/UerrRr-aVaU/hqdefault.jpg,1
11,Ug08MvdTnEE,초패스트 방5업 울트라를 얕보다가 정신 못 차리는 상대ㅋㅋ,https://i.ytimg.com/vi/Ug08MvdTnEE/hqdefault.jpg,1
12,3Tsvln2xUBE,김택용의 사상초유 3회 연속 우승을 저지하라! 로열로더 후보  독사 박성균의 아름다운 도전! (MSL bisu vs mind set1),https://i.ytimg.com/vi/3Tsvln2xUBE/hqdefault.jpg,1
13,4z0KqynV3eo,상대 본진에서 또 이상한거 하는 임요환(Boxer vs CryStaL),https://i.ytimg.com/vi/4z0KqynV3eo/hqdefault.jpg,1
14,u_W2nOKm6w4,송병구의 생더블을 겨냥하여 빌드깎아온 T1테란의 노림수 (SPL Stork vs Canata) 송병구(P) vs 고인규(T) in콜로세움 - 스타 명경기 하이라이트 리뷰,https://i.ytimg.com/vi/u_W2nOKm6w4/hqdefault.jpg,1
15,VbQ-aZcb4T0,견제장인 김구현의 멘탈을 털어버리는 욕이 절로 나오는 미친견제 (SPL Baby vs Kal) 김구현(P)vs전태양(T) in투혼 - 스타 명경기 하이라이트 리뷰,https://i.ytimg.com/vi/VbQ-aZcb4T0/hqdefault.jpg,1
16,VeDre6RX3aY,ASL 준우승자 vs MSL 우승자 스페셜 끝장전! Sea 염보성 T vs Calm 김윤환 Z  SC1-147,https://i.ytimg.com/vi/VeDre6RX3aY/hqdefault.jpg,1
17,66-wYCRvWgY,상대팀이 GG친 줄 알았던 같은팀 동료(Sea vs Flying),https://i.ytimg.com/vi/66-wYCRvWgY/hqdefault.jpg,1
18,6FWN8kCeGzY,【 뚜까랜덤 생방송 Live 】 스타 빨무  vs 458 1:1 5/3 지면 햄버거세트4개 (2022-07- 26 화요일 방송),https://i.ytimg.com/vi/6FWN8kCeGzY/hqdefault.jpg,1
19,Wf1WJoUK-KA,비매너 유저한테 초보인척하는 홍구 ... 상대는 친절히 스승이 되어준다는데? ㅋㅋㅋㅋㅋ,https://i.ytimg.com/vi/Wf1WJoUK-KA/hqdefault.jpg,1
20,7SgtGMWRJzQ,이영호의 미친 파상공세를 막아내며 오히려 카운터갈기며 미친 경기력 선보이는 프로게이머 ㅎㄷㄷ (Flash vs Effort set3),https://i.ytimg.com/vi/7SgtGMWRJzQ/hqdefault.jpg,1
21,9baVAFx9tQg,핵 쏴보라 했더니 진짜 상대에게 무한 핵 쓰는 매정우ㅋㅋ,https://i.ytimg.com/vi/9baVAFx9tQg/hqdefault.jpg,1
22,9p83LbV_DrU,전판 지고 화난상대한테 다크로 정신없이 괴롭혀봤더니??ㅋㅋ,https://i.ytimg.com/vi/9p83LbV_DrU/hqdefault.jpg,1
23,XMJtFbZxNco,전판 져서 화가 많이 난 상대의 일꾼만 잡아서 더 화나게 해보기ㅋㅋ,https://i.ytimg.com/vi/XMJtFbZxNco/hqdefault.jpg,1
24,ajFRGTFvLaU,래더S 친구를 데려와 패주겠다며 협박하는 상대ㄷㄷ,https://i.ytimg.com/vi/ajFRGTFvLaU/hqdefault.jpg,1
25,ARZYCEZJQkg,새로운 컨셉을 가져온 무사트 빌런ㅋㅋㅋㅋ,https://i.ytimg.com/vi/ARZYCEZJQkg/hqdefault.jpg,1
26,yGqAJdy_pXE,신에게는 뮤탈리스크 12마리가 남아있습니다,https://i.ytimg.com/vi/yGqAJdy_pXE/hqdefault.jpg,1
27,bBWjFs1A7Lw,완벽하게 패배했던 8강전의 복수를 꿈꾼다 스타크래프트 스타 ASL 시즌12 복수전 변현제 Mini (P) vs 김지성 Royal (T) 7판4선 - 스타캐스트TV,https://i.ytimg.com/vi/bBWjFs1A7Lw/hqdefault.jpg,1
28,Yu3s5omAhOE,이영호가 지는 경기는 명경기다! 장윤철 (P) VS 이영호 (T) - 완벽한 프로토스 운영,https://i.ytimg.com/vi/Yu3s5omAhOE/hqdefault.jpg,1
29,bVTaQ0PBMks,홍구 : 형왔ㄷ ... 어라 이 사람들 왜 싸우고있지? ㅋㅋㅋㅋㅋ,https://i.ytimg.com/vi/bVTaQ0PBMks/hqdefault.jpg,1
30,zaCIX3fEuTM,야심 차게 준비해봤습니다! [카라리요 이스포츠펀드 스타크래프트 KCM 챌린지 종족최강전 2021 시즌4 9주차] 이재호 김지성 조기석 도재욱 변현제 장윤철 김명운 김민철 박상현,https://i.ytimg.com/vi/zaCIX3fEuTM/hqdefault.jpg,1
31,C3gJeOoch3s,즉흥적으로 전략을 수정해 빠꾸없이 4드론 갈겨버리는 프로게이머 ㅋㅋㅋㅋㅋ(SPL organ vs Effort),https://i.ytimg.com/vi/C3gJeOoch3s/hqdefault.jpg,1
32,ZU_Z0FJf5aQ,『상대 전적 : 138승 3패』 첫판부터 강한 상대를 만났습니다,https://i.ytimg.com/vi/ZU_Z0FJf5aQ/hqdefault.jpg,1
33,_9EYoM9myPY,2022.7.26(화) 오후 방송 풀영상,https://i.ytimg.com/vi/_9EYoM9myPY/hqdefault.jpg,1
34,_By74BzaRCU,홍구조차 무너뜨린 진화한 사기맵 ... 또 한번 도전하지만 답이 안나오는데;;;,https://i.ytimg.com/vi/_By74BzaRCU/hqdefault.jpg,1
35,CUmmoWklWSg,알파고를 공방초보라면서 무시하는 상대ㄷㄷ 상대의 실력은 과연??,https://i.ytimg.com/vi/CUmmoWklWSg/hqdefault.jpg,1
36,_ODf-YABC9w,458 왈 : 설렜어? / 도발하는 458;;;,https://i.ytimg.com/vi/_ODf-YABC9w/hqdefault.jpg,1
37,_xkos4WuvLk,의외로(?) 머리가 좋았던 선수(Pusan vs Midas),https://i.ytimg.com/vi/_xkos4WuvLk/hqdefault.jpg,1
38,c_53bLGTYCY,최고의 저그와 최고의 토스의 맞대결! 스타크래프트 스타 끝장전 조일장 Hero (Z) vs 장윤철 Snow (P) 9세트 - 스타캐스트TV,https://i.ytimg.com/vi/c_53bLGTYCY/hqdefault.jpg,1
39,JX9STxLwOrs,개노답 스타유저를 강의해줬습니다,https://i.ytimg.com/vi/JX9STxLwOrs/hqdefault.jpg,1
40,jxgvu1avGXI,고수방.. 진짜 날 미치게한다ㅋㅋㅋ,https://i.ytimg.com/vi/jxgvu1avGXI/hqdefault.jpg,1
41,d7lt5eDpaxM,현시점 최고의 테란과 괴수의 경기! 스타크래프트 스타 끝장전 도재욱 Best (P) vs 유영진 Rush (T) 9세트 - 스타캐스트TV,https://i.ytimg.com/vi/d7lt5eDpaxM/hqdefault.jpg,1
42,k3-PSHGO-Og,【 뚜까랜덤 생방송 Live 】 스타 빨무 vs 458 1:1 5/3 이기면 20만 제발.. (2022-07- 27 수요일 방송),https://i.ytimg.com/vi/k3-PSHGO-Og/hqdefault.jpg,1
43,k64PaoFuGWA,[더드튜브] 이사오세요. 속전속결 2:3역전해보겠습니다. 스타팀플 헌터,https://i.ytimg.com/vi/k64PaoFuGWA/hqdefault.jpg,1
44,K9GinHFy2pY,초패스트 앞마당! 근데 본진은 없음ㅋㅋ (이재호 vs 김성대) [끝장전 명경기],https://i.ytimg.com/vi/K9GinHFy2pY/hqdefault.jpg,1
45,KbjskxqQPFw,팀원형님들 미안해... 참을수가 없어...,https://i.ytimg.com/vi/KbjskxqQPFw/hqdefault.jpg,1
46,kcgNrxbiVx4,우승 후보 철벽과 ASL 준우승 테란의 승부! SoulKey 김민철 Z vs Rush 유영진 T  SC1-145,https://i.ytimg.com/vi/kcgNrxbiVx4/hqdefault.jpg,1
47,dNikJJomhnU,천하의 이영호를 완전히 가지고 노는 미친 프로게이머 ㅎㄷㄷ (Flash vs Effort set 2),https://i.ytimg.com/vi/dNikJJomhnU/hqdefault.jpg,1
48,KlS217rgiUg,미친개가 나타났다;; 전프로 고베르만에게 잘못걸린 안기효?! ㄷㄷ,https://i.ytimg.com/vi/KlS217rgiUg/hqdefault.jpg,1
49,KuSq4S2nyG4,[종족최강전 개막전]김택용 이재호 임홍규 도재욱 유영진 김명운 변현제 조기석 김민철[KCM종족최강전 2021 시즌1],https://i.ytimg.com/vi/KuSq4S2nyG4/hqdefault.jpg,1
50,LpYFRiHK3zw,계속 발전하는 사기맵유저;; 이번엔 영웅이라고?,https://i.ytimg.com/vi/LpYFRiHK3zw/hqdefault.jpg,1
51,mxZZbgXRr9Y,종합 핵쓰는 초고수? APM 700?,https://i.ytimg.com/vi/mxZZbgXRr9Y/hqdefault.jpg,1
52,N6404_gIKQ8,엄청난 경기력!!! 스타크래프트 스타 끝장전 도재욱 Best (P) vs 김지성 Royal (T) 9세트 - 스타캐스트TV,https://i.ytimg.com/vi/N6404_gIKQ8/hqdefault.jpg,1
53,n6ICxoGTpws,철벽 저그와 올킬 우승 현존 최고 테란! SoulKey 김민철 Z vs RoyaL 김지성 T  SC1-146,https://i.ytimg.com/vi/n6ICxoGTpws/hqdefault.jpg,1
54,nd4Ki1m-6yU,스타 명경기) 피할 수 없는 매치포인트 손에 땀을 쥐는 에이스들의 뜨거운 명승부,https://i.ytimg.com/vi/nd4Ki1m-6yU/hqdefault.jpg,1
55,nD_xEmNDLRc,『저그들의 역습』 초반에 망한 팀원 토스의 미친 오더 형님! 저희가 알아서 할게요. ㅠㅠ,https://i.ytimg.com/vi/nD_xEmNDLRc/hqdefault.jpg,1
56,NVl9NiHj8GM,밑바닥의 밑바닥! 진짜 스타 뉴비들 대전을 중계했습니다. (Feat. 왜냐맨),https://i.ytimg.com/vi/NVl9NiHj8GM/hqdefault.jpg,1
57,N_d6D38q9QY,초초초초강추 [종최 7주차]도재욱 김민철 유영진 장윤철 김명운 김지성 변현제 박상현 조기석[KCM종족최강전 2021 시즌4],https://i.ytimg.com/vi/N_d6D38q9QY/hqdefault.jpg,1
58,ORvWKJgwS4M,잠시도 눈을 뗄 수 없는 명승부의 대향연! Snow 장윤철 P vs SoulKey 김민철 Z  SC1-144,https://i.ytimg.com/vi/ORvWKJgwS4M/hqdefault.jpg,1
59,OuX6tePgtb4,공방조련사 : 자... 우리 강아지 홍구 착하지? 짖어봐! ㅋㅋㅋㅋㅋ,https://i.ytimg.com/vi/OuX6tePgtb4/hqdefault.jpg,1
60,pFcOfpOXCUs,[더드튜브] 상대 개잘하네요 물량에 지릴뻔했네 ㄷㄷ 스타팀플 헌터,https://i.ytimg.com/vi/pFcOfpOXCUs/hqdefault.jpg,1
61,PkojgF35z7I,스타 명경기) 6.25전쟁을 방불캐하는 처절한 전쟁영화,https://i.ytimg.com/vi/PkojgF35z7I/hqdefault.jpg,1
62,PXEGzwrHXaY,ASL 우승자! vs 최강자의 아성에 도전하는 테란 킬러! Light 이재호 T vs Snow 장윤철 P SC1-143,https://i.ytimg.com/vi/PXEGzwrHXaY/hqdefault.jpg,1
63,Q8gj9f5bo2s,스타 명경기) 김택용도 할 말을 잃은 프로토스의 재앙,https://i.ytimg.com/vi/Q8gj9f5bo2s/hqdefault.jpg,1
64,DY5JiH-lQJw,[더드튜브] 개빡치네 우리진짜 힘들어죽겠으니까 빨리게임해!! 스타팀플 헌터,https://i.ytimg.com/vi/DY5JiH-lQJw/hqdefault.jpg,1
65,e3b-iUOpEfY,2022.7.27(수) 오전 방송 풀영상,https://i.ytimg.com/vi/e3b-iUOpEfY/hqdefault.jpg,1
66,e5FLHKVRNK8,짭제동과 이제동을 동시에 만났다?!! 안기효 레전드 방송시작;;,https://i.ytimg.com/vi/e5FLHKVRNK8/hqdefault.jpg,1
67,QN400UHpH80,상대의 허를 찌르는 전략으로 전역 후 첫승을 노리는 임요환 (SPL forgg vs Boxer) 임요환(T) vs 박지수(T) in황혼의그림자 - 스타 명경기 하이라이트 리뷰,https://i.ytimg.com/vi/QN400UHpH80/hqdefault.jpg,1
68,EHfQbMYM5Hk,미니게임\u0026미네랄찾기 승부,https://i.ytimg.com/vi/EHfQbMYM5Hk/hqdefault.jpg,1
69,Ej9F1CIeNnM,토스가 히드라를 저그가 시즈탱크를 뽑을 수 있다면 어떻게 될까?!?!,https://i.ytimg.com/vi/Ej9F1CIeNnM/hqdefault.jpg,1
70,Rht_YFqrP4k,소리 없이 찾아오는 공포.,https://i.ytimg.com/vi/Rht_YFqrP4k/hqdefault.jpg,1
71,EVNK_QOgXXk,게임 시작부터 거만하다고 도발하는 상대에게 스카웃을 써본다면??,https://i.ytimg.com/vi/EVNK_QOgXXk/hqdefault.jpg,1
72,rmy-dbev41I,스타 명경기) 드론으로 하는 치즈러쉬 이제동의 승부수,https://i.ytimg.com/vi/rmy-dbev41I/hqdefault.jpg,1
73,ExYnwrWdE7o,[ 생 ] 브레인신  행복하세요?  스타 빨무 [ 2022 . 7. 27 (수) ],https://i.ytimg.com/vi/ExYnwrWdE7o/hqdefault.jpg,1
74,RseGsCjdOzc,결국 성사된 짭명훈 vs 짭명훈 미러전ㅋㅋㅋ 리플리증후군 대전ㅋㅋㅋ,https://i.ytimg.com/vi/RseGsCjdOzc/hqdefault.jpg,1
75,Rvk-0XXIWAM,미친개 전프로의 쉬지않는 저글링에 물어뜯겨 망신창이가 된 안기효;;,https://i.ytimg.com/vi/Rvk-0XXIWAM/hqdefault.jpg,1
76,ferb5qU8G8I,홍구 : 프로게이머가 초보인줄 알고 가르쳐주려던 비매너유저의 결말 ㅋㅋㅋㅋㅋ,https://i.ytimg.com/vi/ferb5qU8G8I/hqdefault.jpg,1
77,fGBBNlpF9k8,스톰 비켜! 회피 999 히드라 나가신다 (장윤철 vs 김명운) [끝장전 명경기],https://i.ytimg.com/vi/fGBBNlpF9k8/hqdefault.jpg,1
78,FJ2c9ypz2JI,은퇴 1년만에 돌아와서 3킬해버리는 미친 괴물(iloveoov vs Rage DaeZang Casy),https://i.ytimg.com/vi/FJ2c9ypz2JI/hqdefault.jpg,1
79,fy4zLvuvR9c,같은팀인 최연성도 빡치게 한 임요환의 날빌 (MSL Boxer vs iloveoov) 임요환(T) vs 최연성(T) in러시아워3 - 스타 명경기 하이라이트 리뷰,https://i.ytimg.com/vi/fy4zLvuvR9c/hqdefault.jpg,1
80,f_rTELRW4ds,[더드튜브] 서로가 서로를속였던 미친빡게임ㄷㄷ 스타팀플 헌터,https://i.ytimg.com/vi/f_rTELRW4ds/hqdefault.jpg,1
81,ITcAMBBWhRk,파이어벳을 카운터치는 저글링?! (박상현vs김지성) [끝장전 명경기],https://i.ytimg.com/vi/ITcAMBBWhRk/hqdefault.jpg,1
82,GCZ5wSkRVzo,제동이한테 흑그 평가해달라고 했더니ㅋㅋㅋㅋ,https://i.ytimg.com/vi/GCZ5wSkRVzo/hqdefault.jpg,1
83,gHm1ihTTE9Q,제동이한테 각종 잡기술 알려줬더니 반응이ㅋㅋㅋㅋㅋㅋ,https://i.ytimg.com/vi/gHm1ihTTE9Q/hqdefault.jpg,1
84,gSYogoE20Tw,BBS VS 12앞마당.. 결과 뻔하죠? (이재호 vs 김성대) [끝장전 명경기],https://i.ytimg.com/vi/gSYogoE20Tw/hqdefault.jpg,1
85,io0MT0FVHfU,성큰으로 못 나오게 가뒀더니 결국 답답해서 나오는 상대ㅋㅋ,https://i.ytimg.com/vi/io0MT0FVHfU/hqdefault.jpg,1
86,Io0ulywcWUw,신인저그를 겨냥한 정명훈의 본진자원 뽕뽑기 올인러쉬 (SPL fantasy vs Hydra) 정명훈(T) vs 신동원(Z) in심판의날 - 스타 명경기 하이라이트 리뷰,https://i.ytimg.com/vi/Io0ulywcWUw/hqdefault.jpg,1
87,HK7w31dZ6HY,스톰도 물량으로 쓰면 그게 천지스톰이지!! (도재욱vs유영진) [끝장전 명경기],https://i.ytimg.com/vi/HK7w31dZ6HY/hqdefault.jpg,1
88,HZNLIYhmX9k,[무친대] 스타 김정우 공방어택!,https://i.ytimg.com/vi/HZNLIYhmX9k/hqdefault.jpg,1
89,__7lLShP4FU,#ILOVEU CHALLENGE with aespa 닝닝?,https://i.ytimg.com/vi/__7lLShP4FU/hqdefault.jpg,0
90,__g7wlFxK4w,대왕수박볼젤리 Watermelon Party Mukbang 수박파티 먹방 미니수박볼젤리 Big Ball Jelly JJAEMI째미 Eating show,https://i.ytimg.com/vi/__g7wlFxK4w/hqdefault.jpg,0
91,_-I0Qg8AFvg,?전통 가요 트로트 메들리 ?  감나무골.하와이연정.행복이란.몰래한사랑.항구.삼백리한려수도.물새우는강언덕.돌아와요부산항에.열아홉순정.,https://i.ytimg.com/vi/_-I0Qg8AFvg/hqdefault.jpg,0
92,_-MgLwisq0k,[커리WATCH] 스테픈 커리에게 연평균 600억 안긴 골든스테이트. 과연 제정신일까?,https://i.ytimg.com/vi/_-MgLwisq0k/hqdefault.jpg,0
93,_1onVOBm9KQ,테니스화 특징 및 구입장소에 대한 어드바이스,https://i.ytimg.com/vi/_1onVOBm9KQ/hqdefault.jpg,0
94,_1p335prxzs,트위치를 도박 방송으로 유행시킨 그 게임???,https://i.ytimg.com/vi/_1p335prxzs/hqdefault.jpg,0
95,_2E2wLOn6Tc,[출근길레슨] 테이크백의 정의를 내려드릴게요. 이제 더이상 헷갈리지마세요. 프로허석,https://i.ytimg.com/vi/_2E2wLOn6Tc/hqdefault.jpg,0
96,_2Vrsti9g2g,[오버워치] 티어 올리는 꿀팁 알려달라고? 지금부터 하나씩 푼다 / 잘 새겨들으세요 / 그마경쟁전티어올리는법overwatch모이라 장인 / [오버워치 공략] / 시심이,https://i.ytimg.com/vi/_2Vrsti9g2g/hqdefault.jpg,0
97,_3NUHk7865o,남자 97%가 좋아하는 목소리의 여성분...계속 듣게됨,https://i.ytimg.com/vi/_3NUHk7865o/hqdefault.jpg,0
98,_4E6MkUj5h8,[Playlist] 설레고 둠칫한 플리는 자신있다 이말이야??? | 아무때나 틀어놓기 좋은 둠칫한 감성 플레이리스트 |,https://i.ytimg.com/vi/_4E6MkUj5h8/hqdefault.jpg,0
99,_5lG9fNunNQ,미국 여자 대학생 테니스 복식경기 소개,https://i.ytimg.com/vi/_5lG9fNunNQ/hqdefault.jpg,0
100,_5rWxlhSj_Q,안나?수지를 닮은 반에서 제일 예쁘지만 가난한 여자애 반전인생?원작 해석포함,https://i.ytimg.com/vi/_5rWxlhSj_Q/hqdefault.jpg,0
101,_6RFbCSv_v4,시시콜콜 연애토크 하면서 쿨톤 메이크업하고??‍♀️ 하루필름 찍고 맛있는 거 먹는 vlog?,https://i.ytimg.com/vi/_6RFbCSv_v4/hqdefault.jpg,0
103,_9la_Nxe-H8,네이마르 선수와 배그 했습니다,https://i.ytimg.com/vi/_9la_Nxe-H8/hqdefault.jpg,0
104,_aig5ghGuRM,테니스 혼복마스터로가는길_혼복연습경기 l남복같은혼복l지승실내테니스장,https://i.ytimg.com/vi/_aig5ghGuRM/hqdefault.jpg,0
105,_B-qM-iqbD0,오버워치★ 단 12초만에 승리하는 완벽한 4드론 전략 #423,https://i.ytimg.com/vi/_B-qM-iqbD0/hqdefault.jpg,0
106,_bD57D2AxjQ,영국 BBC 한국의 존댓말에 대해 묻다 한국어는 세계에서 가장 복잡한 다중단계의 언어체계,https://i.ytimg.com/vi/_bD57D2AxjQ/hqdefault.jpg,0
107,_BHbwZFYvLU,[테니스] 복식 게임을 잘 하려면 네트 플레이를 하라(2편),https://i.ytimg.com/vi/_BHbwZFYvLU/hqdefault.jpg,0
108,_bOzzpHYurk,최고령 사이클링히트 LG 이병규,https://i.ytimg.com/vi/_bOzzpHYurk/hqdefault.jpg,0
110,_DHRpefT-Jw,중국을 뒤집어 놓은 한 사찰의 위패 일본군 A급 전범 위패를 모셔둔 사찰 ‘중국은 역사공부도 짝퉁으로 배우나?’,https://i.ytimg.com/vi/_DHRpefT-Jw/hqdefault.jpg,0
111,_Eh62aTeVKM,잔머리 만들어주는 남사친,https://i.ytimg.com/vi/_Eh62aTeVKM/hqdefault.jpg,0
112,_El7sM8v71Q,내가 들을려고 만든 여자 아이돌 노래 모음#5,https://i.ytimg.com/vi/_El7sM8v71Q/hqdefault.jpg,0
113,_GuplM6Qy9k,150km 뱀직구를 던지며 임창용이 되고 싶었던 남자 1세대 승부조작 아이돌 LG 트윈스 박현준 이야기,https://i.ytimg.com/vi/_GuplM6Qy9k/hqdefault.jpg,0
114,_hfhvKH9-eY,[2편] 실제! 오디션 현장은 어떤 모습일까요? 모의오디션편오디션오디션현장내방오디션,https://i.ytimg.com/vi/_hfhvKH9-eY/hqdefault.jpg,0
115,_hgtsJiE_s0,WSG워너비 노래 피아노 모음 ⎮ MSG워너비 플레이리스트 PLAYLIST,https://i.ytimg.com/vi/_hgtsJiE_s0/hqdefault.jpg,0
116,_HQvX2iDBPw,컨셉으로 비교한 SM vs JYP vs YG vs HYBE (보이그룹 버전) 여러분들의 선택은?,https://i.ytimg.com/vi/_HQvX2iDBPw/hqdefault.jpg,0
117,_HZlrqxpF9M,세상에서 가장 무서운 달걀 그 이유는..,https://i.ytimg.com/vi/_HZlrqxpF9M/hqdefault.jpg,0
118,_izZkLpsfZM,적팀에 있으면 제일 족같은 캐릭터 1위 ㄹㅇㅋㅋ,https://i.ytimg.com/vi/_izZkLpsfZM/hqdefault.jpg,0
119,_KNQz2T1y00,히오스 7주년에 전해진 안타까운 비보에 대한 생각,https://i.ytimg.com/vi/_KNQz2T1y00/hqdefault.jpg,0
120,_KwB75MblPM,[업비트 6월 베스트 플레이어 인터뷰] 키움 이정후,https://i.ytimg.com/vi/_KwB75MblPM/hqdefault.jpg,0
121,_l2qGzZtjts,162화 레전드! '여름방학' 특집 자기님들의 킬링포인트 모음☆#유퀴즈온더블럭 | YOU QUIZ ON THE BLOCK EP.162,https://i.ytimg.com/vi/_l2qGzZtjts/hqdefault.jpg,0
122,_lbMP0NIdM4,엄청나게 효과가 좋은 재주꾼의 팁 \u0026 생활 꿀팁들!,https://i.ytimg.com/vi/_lbMP0NIdM4/hqdefault.jpg,0
124,_P4ww0hgs1A,강백 하계대회 | 지도자/동호인 페어 ?? 이창훈 고운섭 vs 김덕영 신용석,https://i.ytimg.com/vi/_P4ww0hgs1A/hqdefault.jpg,0
125,_QRiK_wZlMs,[챔 읽어주는 남자] #12: 들어봐 노틸러스차이 (feat.ㅇyㅇ),https://i.ytimg.com/vi/_QRiK_wZlMs/hqdefault.jpg,0
126,_raxwG45Ywk,우당탕탕 2022 펍지 파트너즈 데이 | 배틀그라운드,https://i.ytimg.com/vi/_raxwG45Ywk/hqdefault.jpg,0
127,_rMZiiJm8yk,행복한 하루가 될꺼야! - 하루가 행복해지는 힐링음악 명상음악 마음이 편안해지는 음악 스트레스 해소 음악,https://i.ytimg.com/vi/_rMZiiJm8yk/hqdefault.jpg,0
128,_uCqS6pc-_E,메이플 찰리 중사 물물교환 300시간 총 결산 [찰리 중사 물물교환][메이플 몬스터 도감][드랍 266%],https://i.ytimg.com/vi/_uCqS6pc-_E/hqdefault.jpg,0
129,_V_dn0mr2Zc,[클라스룸] 서유정 2교시 : 100% 경험에서 우러나온 꿀팁 방출☺ 쓸모 많은 우드 샷 절대 포기하지 마세요,https://i.ytimg.com/vi/_V_dn0mr2Zc/hqdefault.jpg,0
130,_V41T3dYnA0,남자가 부족해 결혼을 못하는 라트비아 남자가 술과 도박만 안해도 떠받들어 주는 라트비아의 미녀들,https://i.ytimg.com/vi/_V41T3dYnA0/hqdefault.jpg,0
131,_vOzvBZ7BEs,말 안듣는 알레이랑 감옥 탈출하기,https://i.ytimg.com/vi/_vOzvBZ7BEs/hqdefault.jpg,0
133,_xnkperUUZI,할 때마다 해명해야 하는 그맵...,https://i.ytimg.com/vi/_xnkperUUZI/hqdefault.jpg,0
134,_XQi4vFyl0s,안내메시지 배그 생방송~ 오늘은 과연 치킨?을 먹을 수 있을까~??,https://i.ytimg.com/vi/_XQi4vFyl0s/hqdefault.jpg,0
135,_Y3mNwaQclM,음악은 매일 공부하고 싶게 만든다  ? 공부할 때 듣는 음악 - 집중력 높이는 음악 - 편안한 음악 #6,https://i.ytimg.com/vi/_Y3mNwaQclM/hqdefault.jpg,0
136,_YHt42dWmjA,브레이브걸스를 만든 용감한형제 역대급 어두운 과거와 일화들 [ENG],https://i.ytimg.com/vi/_YHt42dWmjA/hqdefault.jpg,0
137,--cLkcvzo2I,[신규 시스템] 스킨 제작소 가이드 | 배틀그라운드,https://i.ytimg.com/vi/--cLkcvzo2I/hqdefault.jpg,0
138,-0Ls3vpfEas,미어캣 ‘또롱이’를 위한 공격성 억제 프로젝트! #TV동물농장 #AnimalFarm #SBSstory,https://i.ytimg.com/vi/-0Ls3vpfEas/hqdefault.jpg,0
139,-1zSsIblaoY,vlog : 한국출발...✨✈️ 가기전일상짐싸기2년만한국왜낯설지드디어도착!,https://i.ytimg.com/vi/-1zSsIblaoY/hqdefault.jpg,0
140,-3Y-rVz4JC4,[시청자요청] 한 입에 뱀도 꿀꺽! 생태교란종 황소개구리 지금 어디에? | 환경스페셜 황소개구리 사라졌는가 (2006년 8월 30일 방송),https://i.ytimg.com/vi/-3Y-rVz4JC4/hqdefault.jpg,0
141,-6KQffGdmC8,All Time Low - Fire Away  1시간 듣기 ? ㅣ 피파온라인4,https://i.ytimg.com/vi/-6KQffGdmC8/hqdefault.jpg,0
142,-6sraOyUe_I,디아루가 잡으러 한국 포켓몬고 성지까지 갔습니다! 포켓스탑 체육관이 너무 많아 클릭도 잘 안됨... - 포켓몬고 - 겜브링(GGAMBRING),https://i.ytimg.com/vi/-6sraOyUe_I/hqdefault.jpg,0
143,-6vKQ6UGBvA,치킨과 떡볶이 대환상 조합 혼자서 가능? (Feat. 걸작떡볶이),https://i.ytimg.com/vi/-6vKQ6UGBvA/hqdefault.jpg,0
144,-85LeFjl7AM,실시간 채팅을 풀어버리면 생기는 일,https://i.ytimg.com/vi/-85LeFjl7AM/hqdefault.jpg,0
145,-8KayA-5ncA,대회도 열고 해설도 하며 우승까지 하는 선수가 있다?? 최근 격투 게임 대회 근황!!,https://i.ytimg.com/vi/-8KayA-5ncA/hqdefault.jpg,0
146,-9CzOOzoRWw,오늘의 하루)이해되는 선수들의 자책,https://i.ytimg.com/vi/-9CzOOzoRWw/hqdefault.jpg,0
147,-9g211DbMb4,먹방 브이로그? | 빙수투어?와 빵투어 | 빵어니스타 당옥 부빙 보나브뉴 묘한빵집 미니마이즈,https://i.ytimg.com/vi/-9g211DbMb4/hqdefault.jpg,0
148,-aa7-WkqHLY,메이플스토리 2021년 겨울 리메이크 확정난 모험가의 현재 4차 주력스킬에 대한 관찰,https://i.ytimg.com/vi/-aa7-WkqHLY/hqdefault.jpg,0
149,-b2o_mAcVaI,이적 준비를 위해 떠난 황인범...(Feat.절친 나상호의 눈물(?) | EAFF E-1 챕피언십 EP.8,https://i.ytimg.com/vi/-b2o_mAcVaI/hqdefault.jpg,0
150,-bmSyFAYEe8,다른 커플 고백이랑 비교하는 손절 시급한 레전드 무개념 썸녀 카톡 읽기 | [톡대읽] - EP.21,https://i.ytimg.com/vi/-bmSyFAYEe8/hqdefault.jpg,0
151,-C2vu3ydCj0,거액의 사채 빚을 진 여자는 드럼 세탁기 안으로 들어가는데..  (영화리뷰 결말포함),https://i.ytimg.com/vi/-C2vu3ydCj0/hqdefault.jpg,0
152,-cuWtfZnCWU,엄청 강력하다는 네오디뮴자석으로 사과 깨기 도전! (자석의 힘은 엄청나다),https://i.ytimg.com/vi/-cuWtfZnCWU/hqdefault.jpg,0
153,-D65DVkg90A,팀진탕티비vs한양대OB 테니스 남자복식 교류전 하이라이트 모음,https://i.ytimg.com/vi/-D65DVkg90A/hqdefault.jpg,0
154,-d7eELbgCJA,아련 - 내 사랑은 슬픈 영화 같아 | 가사 (Lyrics) | Aryeon,https://i.ytimg.com/vi/-d7eELbgCJA/hqdefault.jpg,0
155,-dW67QC3E9I,대부분 붙기 꺼려 하는 팀 1위?! '아잇스포츠 울산' [AAB x KXO3X3 서울투어 EP3],https://i.ytimg.com/vi/-dW67QC3E9I/hqdefault.jpg,0
156,-E7tgT0BjY4,[PLAYLIST] 무작정 미친듯이 신나는 아이돌 노래모음 | KPOP ?,https://i.ytimg.com/vi/-E7tgT0BjY4/hqdefault.jpg,0
157,-eALYoNawOg,얼큰한 쇠고기라면 8봉지와 묵은지 먹방~!! 리얼사운드  ASMR Mukbang(Eating Show),https://i.ytimg.com/vi/-eALYoNawOg/hqdefault.jpg,0
158,-eRrCdNA7p0,최신 버전 1.19 생존기 3화 - 개구리 불 (with. 위더) [르마/마인크래프트],https://i.ytimg.com/vi/-eRrCdNA7p0/hqdefault.jpg,0
159,-F_QSteK1ew,가을에 듣기 좋은 노래 베스트 100곡 | 하루 종일 들어도 좋은노래 BEST 100곡 | 운동할 때 듣는 음악 | 일할때 듣기좋은 발라드[ 가사 첨부 ],https://i.ytimg.com/vi/-F_QSteK1ew/hqdefault.jpg,0
160,-FnIJnRSZgg,[배그 맵 방송] 2022 PWS: 페이즈 2 위클리 파이널 2주 1일차,https://i.ytimg.com/vi/-FnIJnRSZgg/hqdefault.jpg,0
161,-fO6zRyZtH8,양초 사두세요!! 올 여름 전 세계가 정전으로 멈춰버릴 사건!!,https://i.ytimg.com/vi/-fO6zRyZtH8/hqdefault.jpg,0
162,-Gsgt1e8U3w,VLOG 터벅터벅 음주로그 헬스 브리치즈구이 낮술 오랜만에 영화관 크로플,https://i.ytimg.com/vi/-Gsgt1e8U3w/hqdefault.jpg,0
163,-HgNo77WMCE,힘을 봉인당했던 주인공이 술법 카피에 나선환을 쓰며 성장하는 미친 이세계 드라마 [환혼11-12회],https://i.ytimg.com/vi/-HgNo77WMCE/hqdefault.jpg,0
164,-hXDbx-H2e0,[아내에게하는 골프레슨 179] 힘의 흐름 이해로 비거리와 일관성 만들기!,https://i.ytimg.com/vi/-hXDbx-H2e0/hqdefault.jpg,0
165,-iPoqSkgkEE,? [????????] 이거 틀면 리얼;; 옆차선에서 노래 제목 알려달라고 한다. feat.국내힙합,https://i.ytimg.com/vi/-iPoqSkgkEE/hqdefault.jpg,0
166,-jehY4KLwLA,? 마음만은 고딩^^~! 22살 어른들의 부산 롯데월드 다 뿌시는 VLOG?,https://i.ytimg.com/vi/-jehY4KLwLA/hqdefault.jpg,0
167,-JIzgVpPoC0,불량배와 사귀는 말 더럽게 안 듣는 여고생 딸에게.. 엄마가 준 특별한 선물  (영화리뷰 결말포함),https://i.ytimg.com/vi/-JIzgVpPoC0/hqdefault.jpg,0
168,-jTvpow5TLo,[#유퀴즈] 너무 잘 커준 윤후가 좋은가봉가? 만인의 랜선 조카 후가 프로그램 당시 매일 울면서 엄마에게 전화했던 썰,https://i.ytimg.com/vi/-jTvpow5TLo/hqdefault.jpg,0
169,-jyVK6PBJEQ,몸에 닿는 『모든 블럭이 럭키블럭』 으로 변하게 된다면!? [마인크래프트],https://i.ytimg.com/vi/-jyVK6PBJEQ/hqdefault.jpg,0
170,-M-o1Pjoopw,VLOG | 일상브이로그 | 왓츠인마이백? 분량 조절 대실패.. | 동해 1박2일 힐링여행 | 화장 잘 먹는 기초케어 찐 꿀팁 | 취저 데일리룩 with꼬까옷 | 뚜벅이는 즐거워,https://i.ytimg.com/vi/-M-o1Pjoopw/hqdefault.jpg,0
171,-MvUTihhd_8,(eng cc)먹이 때문에 서열1위 강아지를 공격한 아기 재규어! 맹수의 자존심을 지킬 수 있을까? ? | KBS 주주클럽 030217 방송,https://i.ytimg.com/vi/-MvUTihhd_8/hqdefault.jpg,0
172,-O_Hqxy2xSY,진짜로 안뽑을 줄은 몰랐다... 완벽히 부활한 '코리안 메시' 이승우 레전드 활약상 ㄷㄷ,https://i.ytimg.com/vi/-O_Hqxy2xSY/hqdefault.jpg,0
173,-oFVh7oP410,여름 여름해!! 시원한 여름느낌 노래모음 [SUMMER SONG] PLAYLIST,https://i.ytimg.com/vi/-oFVh7oP410/hqdefault.jpg,0
174,-ojYdKqr6X4,조용히 혼자 있고 싶을 때 듣는 감성음악 조용한팝송 광고없는팝송 | Relaxing Pop Music Soft Pop Music 2022 #LIVE,https://i.ytimg.com/vi/-ojYdKqr6X4/hqdefault.jpg,0
175,-P_6UPRIyDA,저도 오늘부터 대장장이입니다. 2시간만에 수익 미쳤다ㅋㅋㅋ[메이플],https://i.ytimg.com/vi/-P_6UPRIyDA/hqdefault.jpg,0
176,-Pbnh6X2QYQ,Vlog | 직장인 브이로그 | 데일리룩 | 빈티지 쇼핑 | 나게디 위빙백 | 질샌더 | 오아엔스 팝업 | 아이허브 | 고트델리 | 출근룩 /simple.B,https://i.ytimg.com/vi/-Pbnh6X2QYQ/hqdefault.jpg,0
177,-PMAMLjAvDk,2018 여자 아이돌 걸그룹 노래 BEST 모음집 K-POP BEST SONG,https://i.ytimg.com/vi/-PMAMLjAvDk/hqdefault.jpg,0
178,-proQdCMvwI,메이플 ?하이퍼 버닝 250육성은 얼마나 쉬워진걸까??,https://i.ytimg.com/vi/-proQdCMvwI/hqdefault.jpg,0
